[
    {"text": "The only way to do great work is to love what you do.", "author": "Steve Jobs"},
    {"text": "Life is what happens when you're busy making other plans.", "author": "John Lennon"},
    {"text": "In three words I can sum up everything I've learned about life: it goes on.", "author": "Robert Frost"},
    {"text": "Success is not final, failure is not fatal: It is the courage to continue that counts.", "author": "Winston Churchill"},
    {"text": "The only thing we have to fear is fear itself.", "author": "Franklin D. Roosevelt"},
    {"text": "In the beginning God created the heavens and the earth.", "author": "The Bible, Genesis 1:1"},
    {"text": "To be yourself in a world that is constantly trying to make you something else is the greatest accomplishment.", "author": "Ralph Waldo Emerson"},
    {"text": "The only limit to our realization of tomorrow will be our doubts of today.", "author": "Franklin D. Roosevelt"},
    {"text": "The future belongs to those who believe in the beauty of their dreams.", "author": "Eleanor Roosevelt"},
    {"text": "I think, therefore I am.", "author": "René Descartes"},
    {"text": "Two things are infinite: the universe and human stupidity; and I'm not sure about the universe.", "author": "Albert Einstein"},
    {"text": "The greatest glory in living lies not in never falling, but in rising every time we fall.", "author": "Nelson Mandela"},
    {"text": "The only way to do great work is to love what you do.", "author": "Steve Jobs"},
    {"text": "In the end, we will remember not the words of our enemies, but the silence of our friends.", "author": "Martin Luther King Jr."}
  
  ]
  
    